{"_step":177,"train/MAE":1.1762974262237549,"val":{"sha256":"78375a53d5b8ac18e0963f281d214a9fe102fe32fed348bc999fbf810e0c9784","size":57502,"path":"media/images/val_97_78375a53d5b8ac18e096.png","format":"png","width":1500,"height":500,"_type":"image-file"},"_wandb":{"runtime":8683},"trainer/global_step":14750,"train":{"height":500,"_type":"image-file","sha256":"24257877a920a3ab65f9eb5e7d450acde4c7010c8ffda1b89732d38f75878fe3","size":75779,"path":"media/images/train_97_24257877a920a3ab65f9.png","format":"png","width":1500},"lr-SGD":0.0009914355476306493,"lr-SGD-momentum":0.9,"train/loss":-2.0384793281555176,"_runtime":8683,"_timestamp":1.755027457007152e+09,"val/loss":2.175645589828491,"epoch":58}